Reference,Query,Ref_length,Ref_covered,Query_covered,Queryaligned,ANI
data/databases/refseq/GCF_000007585.1_ASM758v1_genomic.fna,SRR1761673_metawrap_refined_bin.9,2343476,0.09,2084648,0.03,82.15
data/databases/refseq/GCF_000007585.1_ASM758v1_genomic.fna,SRR1761673_metawrap_refined_bin.8,2343476,0,2332641,0,0
data/databases/refseq/GCF_005601135.1_ASM560113v1_genomic.fna,SRR1761673_metawrap_refined_bin.7,2440231,53.84,1628375,77.65,95.05
data/databases/refseq/GCF_000020605.1_ASM2060v1_genomic.fna,SRR1761673_metawrap_refined_bin.6,3449685,68.89,2934357,80.47,97.59
data/databases/refseq/GCF_000020445.1_ASM2044v1_genomic.fna,SRR1761673_metawrap_refined_bin.5,5744041,0,1653173,0,0
data/databases/refseq/GCF_005601135.1_ASM560113v1_genomic.fna,SRR1761673_metawrap_refined_bin.4,2440231,2.63,2249970,2.38,84.35
data/databases/refseq/GCF_002501585.1_ASM250158v1_genomic.fna,SRR1761673_metawrap_refined_bin.3,6497607,0,2063758,0,0
data/databases/refseq/GCF_003667845.1_ASM366784v1_genomic.fna,SRR1761673_metawrap_refined_bin.2,4456326,0,1312773,0,0
data/databases/refseq/GCF_004319565.1_ASM431956v1_genomic.fna,SRR1761673_metawrap_refined_bin.22,2801917,0.78,1095324,0.87,94.11
data/databases/refseq/GCF_003293635.1_ASM329363v1_genomic.fna,SRR1761673_metawrap_refined_bin.21,2833887,1.52,1294187,3.26,84.27
data/databases/refseq/GCF_000006745.1_ASM674v1_genomic.fna,SRR1761673_metawrap_refined_bin.20,4033464,0,2426447,0,0
data/databases/refseq/GCF_000193395.1_ASM19339v1_genomic.fna,SRR1761673_metawrap_refined_bin.1,2937589,0.4,2102079,0.56,81.66
data/databases/refseq/GCF_000195275.1_ASM19527v1_genomic.fna,SRR1761673_metawrap_refined_bin.19,2897425,1.45,2185327,1.68,89.75
data/databases/refseq/GCF_007164725.1_ASM716472v1_genomic.fna,SRR1761673_metawrap_refined_bin.18,2407548,7.14,2294960,7.1,85.11
data/databases/refseq/GCF_004015085.1_ASM401508v1_genomic.fna,SRR1761673_metawrap_refined_bin.17,2770124,76.19,2205690,95.02,97.17
data/databases/refseq/GCF_003208035.1_ASM320803v1_genomic.fna,SRR1761673_metawrap_refined_bin.16,8145579,0.01,1895231,0.03,84.63
data/databases/refseq/GCF_000009905.1_ASM990v1_genomic.fna,SRR1761673_metawrap_refined_bin.15,3566135,0.05,1734417,0.02,86.08
data/databases/refseq/GCF_000195275.1_ASM19527v1_genomic.fna,SRR1761673_metawrap_refined_bin.14,2897425,71.37,2564494,80.12,98.57
data/databases/refseq/GCF_000012825.1_ASM1282v1_genomic.fna,SRR1761673_metawrap_refined_bin.13,5163189,0.43,3149012,0.7,91.28
data/databases/refseq/GCF_001021995.1_ASM102199v1_genomic.fna,SRR1761673_metawrap_refined_bin.12,5138968,0,2571225,0,0
data/databases/refseq/GCF_000016645.1_ASM1664v1_genomic.fna,SRR1761673_metawrap_refined_bin.11,6096872,0,1490633,0,0
data/databases/refseq/GCF_000724795.2_ASM72479v2_genomic.fna,SRR1761673_metawrap_refined_bin.10,5155157,0.11,1443141,0.28,92.83
data/databases/refseq/GCF_001559235.2_ASM155923v2_genomic.fna,SRR1761674_metawrap_refined_bin.7,4727498,0,2728752,0,0
data/databases/refseq/GCF_011065405.1_ASM1106540v1_genomic.fna,SRR1761674_metawrap_refined_bin.6,3468545,4.51,2368432,6.57,84.49
data/databases/refseq/GCF_003312465.1_ASM331246v1_genomic.fna,SRR1761674_metawrap_refined_bin.4,2970937,54.9,2272670,71,94.13
data/databases/refseq/GCF_000011065.1_ASM1106v1_genomic.fna,SRR1761674_metawrap_refined_bin.3,6293399,0.07,3191790,0.15,87.47
data/databases/refseq/GCF_003573995.1_ASM357399v1_genomic.fna,SRR1761674_metawrap_refined_bin.2,2753585,1.42,1219541,3.05,82.7
data/databases/refseq/GCF_000195275.1_ASM19527v1_genomic.fna,SRR1761674_metawrap_refined_bin.1,2897425,2.19,1885534,3.34,89.27
data/databases/refseq/GCF_000011065.1_ASM1106v1_genomic.fna,SRR1761675_metawrap_refined_bin.9,6293399,0.17,2514497,0.48,94.41
data/databases/refseq/GCF_011065405.1_ASM1106540v1_genomic.fna,SRR1761675_metawrap_refined_bin.8,3468545,4.36,2239346,6.67,84.54
data/databases/refseq/GCF_001190745.1_ASM119074v1_genomic.fna,SRR1761675_metawrap_refined_bin.7,2281652,0,1367001,0,0
data/databases/refseq/GCF_000005825.2_ASM582v2_genomic.fna,SRR1761675_metawrap_refined_bin.6,4249248,0,2247692,0,0
data/databases/refseq/GCF_003010495.1_ASM301049v1_genomic.fna,SRR1761675_metawrap_refined_bin.5,2478942,81.99,2386425,85.9,98.13
data/databases/refseq/GCF_000817995.1_ASM81799v1_genomic.fna,SRR1761675_metawrap_refined_bin.4,2173720,41.66,944196,95.12,97.18
data/databases/refseq/GCF_005601135.1_ASM560113v1_genomic.fna,SRR1761675_metawrap_refined_bin.3,2440231,1.65,1547421,2.6,89.6
data/databases/refseq/GCF_000020605.1_ASM2060v1_genomic.fna,SRR1761675_metawrap_refined_bin.2,3449685,3.73,3231569,3.79,87.68
data/databases/refseq/GCF_002501585.1_ASM250158v1_genomic.fna,SRR1761675_metawrap_refined_bin.1,6497607,0,1991632,0,0
data/databases/refseq/GCF_003573995.1_ASM357399v1_genomic.fna,SRR1761675_metawrap_refined_bin.11,2753585,1.54,1644199,2.48,82.72
data/databases/refseq/GCF_007164725.1_ASM716472v1_genomic.fna,SRR1761675_metawrap_refined_bin.10,2407548,6.68,2295759,6.59,84.12
data/databases/refseq/GCF_010093045.1_ASM1009304v1_genomic.fna,SRR1761698_metawrap_refined_bin.9,4535041,0.01,2778513,0.01,82.19
data/databases/refseq/GCF_000021545.1_ASM2154v1_genomic.fna,SRR1761698_metawrap_refined_bin.8,1640877,0,1282985,0,0
data/databases/refseq/GCF_000237085.1_ASM23708v1_genomic.fna,SRR1761698_metawrap_refined_bin.7,4897678,0,1816089,0.01,86.62
data/databases/refseq/GCF_000007205.1_ASM720v1_genomic.fna,SRR1761698_metawrap_refined_bin.6,1225935,0.04,1510455,0.03,82.18
data/databases/refseq/GCF_000336405.1_ASM33640v1_genomic.fna,SRR1761698_metawrap_refined_bin.5,2849891,0,1924764,0,0
data/databases/refseq/GCF_003584705.1_ASM358470v1_genomic.fna,SRR1761698_metawrap_refined_bin.4,4078671,47.27,2861909,66.67,90.01
data/databases/refseq/GCF_000008425.1_ASM842v1_genomic.fna,SRR1761698_metawrap_refined_bin.3,4222645,0,2530829,0,0
data/databases/refseq/GCF_000195275.1_ASM19527v1_genomic.fna,SRR1761698_metawrap_refined_bin.2,2897425,74.43,2476699,86.44,98.6
data/databases/refseq/GCF_000006785.2_ASM678v2_genomic.fna,SRR1761698_metawrap_refined_bin.1,1852433,0,1036504,0,0
data/databases/refseq/GCF_000011045.1_ASM1104v1_genomic.fna,SRR1761698_metawrap_refined_bin.18,3005051,0,2202554,0,0
data/databases/refseq/GCF_000215975.1_ASM21597v1_genomic.fna,SRR1761698_metawrap_refined_bin.17,1634377,0,1397516,0,0
data/databases/refseq/GCF_000020605.1_ASM2060v1_genomic.fna,SRR1761698_metawrap_refined_bin.16,3449685,1.58,2920248,1.81,84.72
data/databases/refseq/GCF_003265025.1_ASM326502v1_genomic.fna,SRR1761698_metawrap_refined_bin.15,2949063,0.59,3072728,0.57,84.17
data/databases/refseq/GCF_000008325.1_ASM832v1_genomic.fna,SRR1761698_metawrap_refined_bin.14,3304561,0,2489654,0,0
data/databases/refseq/GCF_000195275.1_ASM19527v1_genomic.fna,SRR1761698_metawrap_refined_bin.13,2897425,3.95,2579440,4.45,87.83
data/databases/refseq/GCF_000013005.1_ASM1300v1_genomic.fna,SRR1761698_metawrap_refined_bin.12,3052398,0.05,1689838,0.1,82.21
data/databases/refseq/GCF_000146185.1_ASM14618v1_genomic.fna,SRR1761698_metawrap_refined_bin.11,2831389,80.38,2983741,76.47,94.62
data/databases/refseq/GCF_005848555.1_ASM584855v1_genomic.fna,SRR1761698_metawrap_refined_bin.10,3731576,0.76,2400406,1.19,86.64
data/databases/refseq/GCF_003293635.1_ASM329363v1_genomic.fna,SRR1761701_metawrap_refined_bin.9,2833887,2.44,4453341,1.13,90.17
data/databases/refseq/GCF_000007465.2_ASM746v2_genomic.fna,SRR1761701_metawrap_refined_bin.8,2032925,0,3516297,0,0
data/databases/refseq/GCF_007164725.1_ASM716472v1_genomic.fna,SRR1761701_metawrap_refined_bin.7,2407548,7.35,2185685,7.42,84.17
data/databases/refseq/GCF_000253315.1_ASM25331v1_genomic.fna,SRR1761701_metawrap_refined_bin.6,2210574,46.19,1221737,83.34,89.28
data/databases/refseq/GCF_000800455.1_ASM80045v1_genomic.fna,SRR1761701_metawrap_refined_bin.5,2370978,74.9,2124294,83.55,96.62
data/databases/refseq/GCF_000730205.1_ASM73020v1_genomic.fna,SRR1761701_metawrap_refined_bin.4,2480603,71.25,2186789,80.87,98.06
data/databases/refseq/GCF_003010495.1_ASM301049v1_genomic.fna,SRR1761701_metawrap_refined_bin.3,2478942,6.5,2518172,6.37,82.89
data/databases/refseq/GCF_003293635.1_ASM329363v1_genomic.fna,SRR1761701_metawrap_refined_bin.2,2833887,55.95,1817618,87.02,97.67
data/databases/refseq/GCF_003609875.1_ASM360987v1_genomic.fna,SRR1761701_metawrap_refined_bin.1,2100540,6.97,1892389,7.73,83.23
data/databases/refseq/GCF_003966955.1_ASM396695v1_genomic.fna,SRR1761701_metawrap_refined_bin.16,1796691,20.39,1687715,21.85,85.3
data/databases/refseq/GCF_000008325.1_ASM832v1_genomic.fna,SRR1761701_metawrap_refined_bin.15,3304561,0,2992233,0,0
data/databases/refseq/GCF_003716975.1_ASM371697v1_genomic.fna,SRR1761701_metawrap_refined_bin.14,2764211,95.28,2654994,98.76,99.36
data/databases/refseq/GCF_006546965.1_ASM654696v1_genomic.fna,SRR1761701_metawrap_refined_bin.13,6547285,0.53,2115566,1.5,92.65
data/databases/refseq/GCF_003856815.1_ASM385681v1_genomic.fna,SRR1761701_metawrap_refined_bin.12,2332121,72.68,2448415,69.23,91.57
data/databases/refseq/GCF_000210835.1_ASM21083v1_genomic.fna,SRR1761701_metawrap_refined_bin.11,5373121,0.1,3422467,0.16,93.15
data/databases/refseq/GCF_000710365.2_ASM71036v3_genomic.fna,SRR1761701_metawrap_refined_bin.10,5417262,0.07,3170193,0.06,94.93
data/databases/refseq/GCF_000445425.4_ASM44542v4_genomic.fna,SRR1761702_metawrap_refined_bin.9,937966,0,1425887,0,0
data/databases/refseq/GCF_000007025.1_ASM702v1_genomic.fna,SRR1761702_metawrap_refined_bin.8,1268755,0,1096822,0,0
data/databases/refseq/GCF_002734145.1_ASM273414v1_genomic.fna,SRR1761702_metawrap_refined_bin.7,3110044,43.93,3256005,41.89,86.76
data/databases/refseq/GCF_007990525.1_ASM799052v1_genomic.fna,SRR1761702_metawrap_refined_bin.6,2604381,0,1804051,0,0
data/databases/refseq/GCF_000006985.1_ASM698v1_genomic.fna,SRR1761702_metawrap_refined_bin.5,2154946,0,1906364,0,0
data/databases/refseq/GCF_000011365.1_ASM1136v1_genomic.fna,SRR1761702_metawrap_refined_bin.4,9105828,0,2310522,0,0
data/databases/refseq/GCF_000511305.1_ASM51130v1_genomic.fna,SRR1761702_metawrap_refined_bin.3,5590512,0,2194671,0,0
data/databases/refseq/GCF_000008925.1_ASM892v1_genomic.fna,SRR1761702_metawrap_refined_bin.2,2133977,0,2204585,0,0
data/databases/refseq/GCF_000010405.1_ASM1040v1_genomic.fna,SRR1761702_metawrap_refined_bin.26,1022154,0,1796814,0,0
data/databases/refseq/GCF_000020605.1_ASM2060v1_genomic.fna,SRR1761702_metawrap_refined_bin.25,3449685,1.89,3030450,1.99,85.15
data/databases/refseq/GCF_000009905.1_ASM990v1_genomic.fna,SRR1761702_metawrap_refined_bin.24,3566135,0,1502522,0,0
data/databases/refseq/GCF_000242335.1_ASM24233v3_genomic.fna,SRR1761702_metawrap_refined_bin.23,3350206,0.81,2552960,1.07,82.43
data/databases/refseq/GCF_000020285.1_ASM2028v1_genomic.fna,SRR1761702_metawrap_refined_bin.22,3659644,0.03,1466005,0.07,81.99
data/databases/refseq/GCF_000020605.1_ASM2060v1_genomic.fna,SRR1761702_metawrap_refined_bin.21,3449685,1.11,2536957,1.44,90.05
data/databases/refseq/GCF_001017595.1_ASM101759v1_genomic.fna,SRR1761702_metawrap_refined_bin.20,695214,0.34,3393379,0.07,98.27
data/databases/refseq/GCF_000225345.1_ASM22534v1_genomic.fna,SRR1761702_metawrap_refined_bin.1,3592125,0.65,2101910,1.12,86.65
data/databases/refseq/GCF_005601135.1_ASM560113v1_genomic.fna,SRR1761702_metawrap_refined_bin.19,2440231,66.88,1943358,82.69,95.84
data/databases/refseq/GCF_000009205.2_ASM920v2_genomic.fna,SRR1761702_metawrap_refined_bin.18,4298133,0.09,2112427,0.24,84.98
data/databases/refseq/GCF_000007945.1_ASM794v1_genomic.fna,SRR1761702_metawrap_refined_bin.17,1698955,0.03,1577462,0.02,84.17
data/databases/refseq/GCF_002849695.1_ASM284969v1_genomic.fna,SRR1761702_metawrap_refined_bin.16,5315431,0.55,3178346,0.49,90.98
data/databases/refseq/GCF_000008325.1_ASM832v1_genomic.fna,SRR1761702_metawrap_refined_bin.15,3304561,0.01,3012744,0.01,76.66
data/databases/refseq/GCF_000006985.1_ASM698v1_genomic.fna,SRR1761702_metawrap_refined_bin.14,2154946,0,2078907,0,0
data/databases/refseq/GCF_000146185.1_ASM14618v1_genomic.fna,SRR1761702_metawrap_refined_bin.13,2831389,60.89,2362059,73.03,94.23
data/databases/refseq/GCF_000011605.1_ASM1160v1_genomic.fna,SRR1761702_metawrap_refined_bin.12,5064019,0,2089561,0,0
data/databases/refseq/GCF_003589745.1_ASM358974v1_genomic.fna,SRR1761702_metawrap_refined_bin.11,2810441,0.05,1500699,0.09,95.2
data/databases/refseq/GCF_002734145.1_ASM273414v1_genomic.fna,SRR1761702_metawrap_refined_bin.10,3110044,0.01,2316622,0.01,74.77
data/databases/refseq/GCF_000010105.1_ASM1010v1_genomic.fna,SRR1761705_metawrap_refined_bin.9,6895538,0,2709048,0,0
data/databases/refseq/GCF_000252445.1_ASM25244v1_genomic.fna,SRR1761705_metawrap_refined_bin.8,4406036,0,653116,0,0
data/databases/refseq/GCF_000007585.1_ASM758v1_genomic.fna,SRR1761705_metawrap_refined_bin.7,2343476,0.07,2254299,0.06,94.36
data/databases/refseq/GCF_000019365.1_ASM1936v1_genomic.fna,SRR1761705_metawrap_refined_bin.6,7737025,0.02,2330648,0.05,82.87
data/databases/refseq/GCF_003573995.1_ASM357399v1_genomic.fna,SRR1761705_metawrap_refined_bin.5,2753585,1.58,1718798,2.41,82.69
data/databases/refseq/GCF_000512915.1_ASM51291v1_genomic.fna,SRR1761705_metawrap_refined_bin.4,3076856,0.04,2526020,0.04,83.75
data/databases/refseq/GCF_000195275.1_ASM19527v1_genomic.fna,SRR1761705_metawrap_refined_bin.3,2897425,72.41,2491145,83.69,98.57
data/databases/refseq/GCF_000223215.1_ASM22321v1_genomic.fna,SRR1761705_metawrap_refined_bin.2,3308048,0,1345171,0,0
data/databases/refseq/GCF_000009265.1_ASM926v1_genomic.fna,SRR1761705_metawrap_refined_bin.20,7751309,0,2680978,0,0
data/databases/refseq/GCF_000009865.1_ASM986v1_genomic.fna,SRR1761705_metawrap_refined_bin.1,2697861,0,1186510,0,0
data/databases/refseq/GCF_000013005.1_ASM1300v1_genomic.fna,SRR1761705_metawrap_refined_bin.19,3052398,0,1822330,0,0
data/databases/refseq/GCF_000007945.1_ASM794v1_genomic.fna,SRR1761705_metawrap_refined_bin.18,1698955,0,1681991,0,0
data/databases/refseq/GCF_000017025.1_ASM1702v1_genomic.fna,SRR1761705_metawrap_refined_bin.17,3863450,0,2366645,0,0
data/databases/refseq/GCF_000007685.1_ASM768v1_genomic.fna,SRR1761705_metawrap_refined_bin.16,4627366,0,2345369,0,0
data/databases/refseq/GCF_000261025.1_ASM26102v1_genomic.fna,SRR1761705_metawrap_refined_bin.15,2699437,0.73,2128243,0.94,82.12
data/databases/refseq/GCF_011065405.1_ASM1106540v1_genomic.fna,SRR1761705_metawrap_refined_bin.14,3468545,4.53,2288195,6.79,84.59
data/databases/refseq/GCF_008727735.1_ASM872773v1_genomic.fna,SRR1761705_metawrap_refined_bin.13,2917795,1.15,2341223,1.41,82.19
data/databases/refseq/GCF_900604385.1_PRJEB28786_genomic.fna,SRR1761705_metawrap_refined_bin.12,3270862,0.44,2729565,0.53,94.8
data/databases/refseq/GCF_000177635.2_ASM17763v2_genomic.fna,SRR1761705_metawrap_refined_bin.11,2928377,0,2213933,0,0
data/databases/refseq/GCF_000007685.1_ASM768v1_genomic.fna,SRR1761705_metawrap_refined_bin.10,4627366,0,2437951,0,0
data/databases/refseq/GCF_000193395.1_ASM19339v1_genomic.fna,SRR1761706_metawrap_refined_bin.9,2937589,0.99,2899637,1,81.95
data/databases/refseq/GCF_011044335.1_ASM1104433v1_genomic.fna,SRR1761706_metawrap_refined_bin.8,2332391,32.1,815587,91.68,98.96
data/databases/refseq/GCF_000008325.1_ASM832v1_genomic.fna,SRR1761706_metawrap_refined_bin.7,3304561,0,2259549,0,0
data/databases/refseq/GCF_000833105.2_ASM83310v2_genomic.fna,SRR1761706_metawrap_refined_bin.6,6485394,0.19,1283702,0.11,82.9
data/databases/refseq/GCF_000146185.1_ASM14618v1_genomic.fna,SRR1761706_metawrap_refined_bin.5,2831389,75.08,2688134,79.39,94.37
data/databases/refseq/GCF_000007465.2_ASM746v2_genomic.fna,SRR1761706_metawrap_refined_bin.4,2032925,0,3327163,0,0
data/databases/refseq/GCF_003584665.1_ASM358466v1_genomic.fna,SRR1761706_metawrap_refined_bin.3,2785030,7.15,3363766,5.66,89.94
data/databases/refseq/GCF_900637655.1_52295_B01_genomic.fna,SRR1761706_metawrap_refined_bin.2,3168212,0.16,1747518,0.27,84.31
data/databases/refseq/GCF_001953955.1_ASM195395v1_genomic.fna,SRR1761706_metawrap_refined_bin.20,2674170,0.13,2698125,0.13,82.51
data/databases/refseq/GCF_003573995.1_ASM357399v1_genomic.fna,SRR1761706_metawrap_refined_bin.1,2753585,36.81,1495759,67.72,88.81
data/databases/refseq/GCF_007012325.1_ASM701232v1_genomic.fna,SRR1761706_metawrap_refined_bin.19,7239254,47.44,4581193,74.75,97.81
data/databases/refseq/GCF_002849795.1_ASM284979v1_genomic.fna,SRR1761706_metawrap_refined_bin.18,3913006,0.64,2574560,0.99,83.82
data/databases/refseq/GCF_002238335.1_ASM223833v1_genomic.fna,SRR1761706_metawrap_refined_bin.17,1738633,1.11,2013953,0.73,87.26
data/databases/refseq/GCF_003312465.1_ASM331246v1_genomic.fna,SRR1761706_metawrap_refined_bin.16,2970937,68.13,2394242,83.83,96.04
data/databases/refseq/GCF_007954525.1_ASM795452v1_genomic.fna,SRR1761706_metawrap_refined_bin.15,1701333,0,583451,0,0
data/databases/refseq/GCF_000007785.1_ASM778v1_genomic.fna,SRR1761706_metawrap_refined_bin.14,3359974,0.02,2034040,0.03,81.06
data/databases/refseq/GCF_002355195.1_ASM235519v1_genomic.fna,SRR1761706_metawrap_refined_bin.13,3148117,0.45,3150253,0.45,84.08
data/databases/refseq/GCF_003293635.1_ASM329363v1_genomic.fna,SRR1761706_metawrap_refined_bin.12,2833887,39.36,2144173,51.52,86.67
data/databases/refseq/GCF_002355195.1_ASM235519v1_genomic.fna,SRR1761706_metawrap_refined_bin.11,3148117,0.4,2934622,0.44,87.2
data/databases/refseq/GCF_000253315.1_ASM25331v1_genomic.fna,SRR1761706_metawrap_refined_bin.10,2210574,0.4,2187386,0.4,99.5
data/databases/refseq/GCF_000023885.1_ASM2388v1_genomic.fna,SRR1761708_metawrap_refined_bin.9,3165038,0,2203311,0,0
data/databases/refseq/GCF_002234575.2_ASM223457v2_genomic.fna,SRR1761708_metawrap_refined_bin.8,6614036,0.45,2518747,1.19,94.26
data/databases/refseq/GCF_002763535.1_ASM276353v1_genomic.fna,SRR1761708_metawrap_refined_bin.7,2777805,0.36,3139491,0.32,99.82
data/databases/refseq/GCF_000007985.2_ASM798v2_genomic.fna,SRR1761708_metawrap_refined_bin.6,3814128,0,1633126,0,0
data/databases/refseq/GCF_000225345.1_ASM22534v1_genomic.fna,SRR1761708_metawrap_refined_bin.5,3592125,5.19,2941201,6.18,85.66
data/databases/refseq/GCF_000225345.1_ASM22534v1_genomic.fna,SRR1761708_metawrap_refined_bin.4,3592125,0.5,2218228,0.78,89.05
data/databases/refseq/GCF_000007025.1_ASM702v1_genomic.fna,SRR1761708_metawrap_refined_bin.3,1268755,0,1098706,0,0
data/databases/refseq/GCF_003573995.1_ASM357399v1_genomic.fna,SRR1761708_metawrap_refined_bin.2,2753585,1.75,1628180,2.88,83.04
data/databases/refseq/GCF_003584705.1_ASM358470v1_genomic.fna,SRR1761708_metawrap_refined_bin.1,4078671,3.26,3646594,3.63,84.18
data/databases/refseq/GCF_000008925.1_ASM892v1_genomic.fna,SRR1761708_metawrap_refined_bin.15,2133977,0,1646250,0,0
data/databases/refseq/GCF_000006985.1_ASM698v1_genomic.fna,SRR1761708_metawrap_refined_bin.14,2154946,0,1647027,0,0
data/databases/refseq/GCF_001447885.1_ASM144788v1_genomic.fna,SRR1761708_metawrap_refined_bin.13,112031,0,701811,0,0
data/databases/refseq/GCF_900683755.1_ASM90068375v1_genomic.fna,SRR1761708_metawrap_refined_bin.12,4419852,0.1,1370218,0.33,83.44
data/databases/refseq/GCF_000010305.1_ASM1030v1_genomic.fna,SRR1761708_metawrap_refined_bin.11,4636964,0,2090840,0,0
data/databases/refseq/GCF_000195275.1_ASM19527v1_genomic.fna,SRR1761708_metawrap_refined_bin.10,2897425,72.63,2518351,82.48,98.65
data/databases/refseq/GCF_008727735.1_ASM872773v1_genomic.fna,SRR1761710_metawrap_refined_bin.9,2917795,1.33,2387159,1.63,82.67
data/databases/refseq/GCF_000020605.1_ASM2060v1_genomic.fna,SRR1761710_metawrap_refined_bin.8,3449685,1.03,2295949,1.4,89.38
data/databases/refseq/GCF_000193395.1_ASM19339v1_genomic.fna,SRR1761710_metawrap_refined_bin.7,2937589,0.77,3021228,0.74,82.36
data/databases/refseq/GCF_000710365.2_ASM71036v3_genomic.fna,SRR1761710_metawrap_refined_bin.6,5417262,0.52,2579435,0.57,85.71
data/databases/refseq/GCF_005601135.1_ASM560113v1_genomic.fna,SRR1761710_metawrap_refined_bin.5,2440231,1.06,2122336,1.21,83.05
data/databases/refseq/GCF_000006885.1_ASM688v1_genomic.fna,SRR1761710_metawrap_refined_bin.4,2160842,0,2219459,0,0
data/databases/refseq/GCF_000007685.1_ASM768v1_genomic.fna,SRR1761710_metawrap_refined_bin.3,4627366,0,2315674,0,0
data/databases/refseq/GCF_003312465.1_ASM331246v1_genomic.fna,SRR1761710_metawrap_refined_bin.2,2970937,0.24,1053402,0.67,82.09
data/databases/refseq/GCF_000261025.1_ASM26102v1_genomic.fna,SRR1761710_metawrap_refined_bin.1,2699437,0.38,2654054,0.38,82.62
data/databases/refseq/GCF_004103715.1_ASM410371v1_genomic.fna,SRR1761710_metawrap_refined_bin.18,3743723,0,1567687,0,0
data/databases/refseq/GCF_000007685.1_ASM768v1_genomic.fna,SRR1761710_metawrap_refined_bin.17,4627366,0,2063093,0,0
data/databases/refseq/GCF_000020605.1_ASM2060v1_genomic.fna,SRR1761710_metawrap_refined_bin.16,3449685,61.34,2566112,81.84,96.78
data/databases/refseq/GCF_002734145.1_ASM273414v1_genomic.fna,SRR1761710_metawrap_refined_bin.15,3110044,0.19,1943118,0.26,92.24
data/databases/refseq/GCF_000009785.1_ASM978v1_genomic.fna,SRR1761710_metawrap_refined_bin.14,3592666,0,2564975,0,0
data/databases/refseq/GCF_003584705.1_ASM358470v1_genomic.fna,SRR1761710_metawrap_refined_bin.13,4078671,25.2,1519598,67.23,89.08
data/databases/refseq/GCF_003584665.1_ASM358466v1_genomic.fna,SRR1761710_metawrap_refined_bin.12,2785030,4.79,2353969,5.69,85.26
data/databases/refseq/GCF_000195275.1_ASM19527v1_genomic.fna,SRR1761710_metawrap_refined_bin.11,2897425,70.12,2282735,88.47,98.62
data/databases/refseq/GCF_003573995.1_ASM357399v1_genomic.fna,SRR1761710_metawrap_refined_bin.10,2753585,2.4,2556427,2.1,83.24
data/databases/refseq/GCF_000009865.1_ASM986v1_genomic.fna,SRR1761718_metawrap_refined_bin.9,2697861,0.33,1366923,0.13,84.4
data/databases/refseq/GCF_007164725.1_ASM716472v1_genomic.fna,SRR1761718_metawrap_refined_bin.8,2407548,6.41,2354356,6.38,85.04
data/databases/refseq/GCF_000019725.1_ASM1972v1_genomic.fna,SRR1761718_metawrap_refined_bin.7,6899110,0,3364488,0,0
data/databases/refseq/GCF_003584705.1_ASM358470v1_genomic.fna,SRR1761718_metawrap_refined_bin.6,4078671,49.6,3080934,65.25,90.08
data/databases/refseq/GCF_000146185.1_ASM14618v1_genomic.fna,SRR1761718_metawrap_refined_bin.5,2831389,1.32,2128967,1.75,83.35
data/databases/refseq/GCF_000009805.1_ASM980v1_genomic.fna,SRR1761718_metawrap_refined_bin.4,6292344,0,2361910,0,0
data/databases/refseq/GCF_005601135.1_ASM560113v1_genomic.fna,SRR1761718_metawrap_refined_bin.3,2440231,1.67,2206334,1.78,83.37
data/databases/refseq/GCF_000018685.1_ASM1868v1_genomic.fna,SRR1761718_metawrap_refined_bin.2,4847594,0.07,2231500,0.14,81.97
data/databases/refseq/GCF_000020605.1_ASM2060v1_genomic.fna,SRR1761718_metawrap_refined_bin.26,3449685,0.51,1851225,0.95,88.51
data/databases/refseq/GCF_000014745.1_ASM1474v1_genomic.fna,SRR1761718_metawrap_refined_bin.25,3368780,0,2377833,0,0
data/databases/refseq/GCF_000014225.1_ASM1422v1_genomic.fna,SRR1761718_metawrap_refined_bin.24,5187005,0,1665873,0,0
data/databases/refseq/GCF_000193395.1_ASM19339v1_genomic.fna,SRR1761718_metawrap_refined_bin.23,2937589,0.15,1813353,0.25,81.49
data/databases/refseq/GCF_001025215.1_ASM102521v1_genomic.fna,SRR1761718_metawrap_refined_bin.22,2313752,77.93,2020755,88.23,96.49
data/databases/refseq/GCF_002238335.1_ASM223833v1_genomic.fna,SRR1761718_metawrap_refined_bin.21,1738633,0.69,1890851,0.58,83.84
data/databases/refseq/GCF_003573995.1_ASM357399v1_genomic.fna,SRR1761718_metawrap_refined_bin.20,2753585,1.45,1497680,2.53,82.71
data/databases/refseq/GCF_003584665.1_ASM358466v1_genomic.fna,SRR1761718_metawrap_refined_bin.1,2785030,3.69,2544375,4.12,83.64
data/databases/refseq/GCF_000008005.1_ASM800v1_genomic.fna,SRR1761718_metawrap_refined_bin.19,5432652,0,693922,0,0
data/databases/refseq/GCF_900604385.1_PRJEB28786_genomic.fna,SRR1761718_metawrap_refined_bin.18,3270862,0.05,2652461,0.07,94.74
data/databases/refseq/GCF_000511305.1_ASM51130v1_genomic.fna,SRR1761718_metawrap_refined_bin.17,5590512,0,2114324,0,0
data/databases/refseq/GCF_000020605.1_ASM2060v1_genomic.fna,SRR1761718_metawrap_refined_bin.16,3449685,2.29,2681422,2.83,85.61
data/databases/refseq/GCF_000012765.1_ASM1276v1_genomic.fna,SRR1761718_metawrap_refined_bin.15,1010023,0,1993423,0,0
data/databases/refseq/GCF_000828515.1_ASM82851v1_genomic.fna,SRR1761718_metawrap_refined_bin.14,754729,0,1782749,0,0
data/databases/refseq/GCF_001038625.1_ASM103862v1_genomic.fna,SRR1761718_metawrap_refined_bin.13,5752782,0,822564,0,0
data/databases/refseq/GCF_000146185.1_ASM14618v1_genomic.fna,SRR1761718_metawrap_refined_bin.12,2831389,3.65,2567372,4.04,84.95
data/databases/refseq/GCF_000020965.1_ASM2096v1_genomic.fna,SRR1761718_metawrap_refined_bin.11,1959987,0.09,1443542,0.06,81.6
data/databases/refseq/GCF_011065405.1_ASM1106540v1_genomic.fna,SRR1761718_metawrap_refined_bin.10,3468545,4.73,2820677,5.69,84.77
data/databases/refseq/GCF_000017245.1_ASM1724v1_genomic.fna,SRR1761719_metawrap_refined_bin.9,2319663,0,1827139,0,0
data/databases/refseq/GCF_003019315.1_ASM301931v1_genomic.fna,SRR1761719_metawrap_refined_bin.8,2716766,0,2070726,0,0
data/databases/refseq/GCF_000195275.1_ASM19527v1_genomic.fna,SRR1761719_metawrap_refined_bin.7,2897425,3.53,2517987,4.06,86.74
data/databases/refseq/GCF_000007145.1_ASM714v1_genomic.fna,SRR1761719_metawrap_refined_bin.6,5076188,0,2833964,0,0
data/databases/refseq/GCF_000007865.1_ASM786v1_genomic.fna,SRR1761719_metawrap_refined_bin.5,4829781,0,2076192,0,0
data/databases/refseq/GCF_000007645.1_ASM764v1_genomic.fna,SRR1761719_metawrap_refined_bin.4,2564615,0,2486360,0,0
data/databases/refseq/GCF_003855455.1_ASM385545v1_genomic.fna,SRR1761719_metawrap_refined_bin.3,737591,0.04,1411808,0.02,86.21
data/databases/refseq/GCF_003573995.1_ASM357399v1_genomic.fna,SRR1761719_metawrap_refined_bin.2,2753585,2.03,2131215,2.45,83.45
data/databases/refseq/GCF_002238335.1_ASM223833v1_genomic.fna,SRR1761719_metawrap_refined_bin.1,1738633,0.52,1653585,0.54,81.96
data/databases/refseq/GCF_009676955.1_ASM967695v1_genomic.fna,SRR1761719_metawrap_refined_bin.15,3340670,0.96,1378846,2.3,82.41
data/databases/refseq/GCF_000007465.2_ASM746v2_genomic.fna,SRR1761719_metawrap_refined_bin.14,2032925,0,2519484,0,0
data/databases/refseq/GCF_002849795.1_ASM284979v1_genomic.fna,SRR1761719_metawrap_refined_bin.13,3913006,0.22,2171123,0.41,85.47
data/databases/refseq/GCF_000261025.1_ASM26102v1_genomic.fna,SRR1761719_metawrap_refined_bin.12,2699437,0.15,2129342,0.19,84.17
data/databases/refseq/GCF_000007585.1_ASM758v1_genomic.fna,SRR1761719_metawrap_refined_bin.11,2343476,0,1293255,0,0
data/databases/refseq/GCF_000195275.1_ASM19527v1_genomic.fna,SRR1761719_metawrap_refined_bin.10,2897425,70.15,2342414,86.42,98.65
data/databases/refseq/GCF_000020605.1_ASM2060v1_genomic.fna,SRR1761720_metawrap_refined_bin.9,3449685,65.34,2962711,75.61,94.66
data/databases/refseq/GCF_000020605.1_ASM2060v1_genomic.fna,SRR1761720_metawrap_refined_bin.8,3449685,1.57,3369760,1.6,85.74
data/databases/refseq/GCF_000016325.1_ASM1632v1_genomic.fna,SRR1761720_metawrap_refined_bin.7,4676461,0,1776248,0,0
data/databases/refseq/GCF_000145035.1_ASM14503v1_genomic.fna,SRR1761720_metawrap_refined_bin.6,4404886,0.08,2574579,0.14,83.33
data/databases/refseq/GCF_000010105.1_ASM1010v1_genomic.fna,SRR1761720_metawrap_refined_bin.5,6895538,0,1534956,0,0
data/databases/refseq/GCF_000724805.2_ASM72480v2_genomic.fna,SRR1761720_metawrap_refined_bin.4,5484743,0.67,2975159,0.39,96.24
data/databases/refseq/GCF_000010125.1_ASM1012v1_genomic.fna,SRR1761720_metawrap_refined_bin.3,2577899,0.03,1265495,0.06,79.65
data/databases/refseq/GCF_000010105.1_ASM1010v1_genomic.fna,SRR1761720_metawrap_refined_bin.2,6895538,0,3787393,0,0
data/databases/refseq/GCF_002763535.1_ASM276353v1_genomic.fna,SRR1761720_metawrap_refined_bin.21,2777805,0.59,2667483,0.61,92.93
data/databases/refseq/GCF_000007165.1_ASM716v1_genomic.fna,SRR1761720_metawrap_refined_bin.20,5274174,0,1406768,0,0
data/databases/refseq/GCF_000237085.1_ASM23708v1_genomic.fna,SRR1761720_metawrap_refined_bin.1,4897678,0,1667386,0,0
data/databases/refseq/GCF_003312465.1_ASM331246v1_genomic.fna,SRR1761720_metawrap_refined_bin.19,2970937,0.71,2141620,0.96,84
data/databases/refseq/GCF_003584705.1_ASM358470v1_genomic.fna,SRR1761720_metawrap_refined_bin.18,4078671,1.03,2741848,1.51,85.43
data/databases/refseq/GCF_000020965.1_ASM2096v1_genomic.fna,SRR1761720_metawrap_refined_bin.17,1959987,0.03,1296444,0.03,85.2
data/databases/refseq/GCF_006385555.1_ASM638555v1_genomic.fna,SRR1761720_metawrap_refined_bin.16,4648537,0,2429774,0,0
data/databases/refseq/GCF_000011905.1_ASM1190v1_genomic.fna,SRR1761720_metawrap_refined_bin.15,1469720,0,2349378,0,0
data/databases/refseq/GCF_000008465.1_ASM846v1_genomic.fna,SRR1761720_metawrap_refined_bin.14,2839318,0,2139042,0,0
data/databases/refseq/GCF_000723465.1_Rb803_genomic.fna,SRR1761720_metawrap_refined_bin.13,2968500,4.09,2437714,4.66,88.2
data/databases/refseq/GCF_000010185.1_ASM1018v1_genomic.fna,SRR1761720_metawrap_refined_bin.12,1986740,0,727594,0,0
data/databases/refseq/GCF_000723465.1_Rb803_genomic.fna,SRR1761720_metawrap_refined_bin.11,2968500,1.26,2010935,1.69,88.2
data/databases/refseq/GCF_900097105.1_WK001_genomic.fna,SRR1761720_metawrap_refined_bin.10,3074078,0,2627328,0,0
data/databases/refseq/GCF_000195275.1_ASM19527v1_genomic.fna,SRR1927149_metawrap_refined_bin.9,2897425,4.36,2492176,5.01,88.65
data/databases/refseq/GCF_000023145.1_ASM2314v1_genomic.fna,SRR1927149_metawrap_refined_bin.8,2446804,0,1517106,0,0
data/databases/refseq/GCF_000060345.1_ASM6034v1_genomic.fna,SRR1927149_metawrap_refined_bin.7,3798465,0,1225058,0,0
data/databases/refseq/GCF_000014785.1_ASM1478v1_genomic.fna,SRR1927149_metawrap_refined_bin.6,3275944,0,2188031,0,0
data/databases/refseq/GCF_900698995.1_ErCisplendens_Palmer_v1.0_genomic.fna,SRR1927149_metawrap_refined_bin.5,1067060,0,1948780,0,0
data/databases/refseq/GCF_000723465.1_Rb803_genomic.fna,SRR1927149_metawrap_refined_bin.4,2968500,0.56,2341261,0.7,85.21
data/databases/refseq/GCF_000723465.1_Rb803_genomic.fna,SRR1927149_metawrap_refined_bin.3,2968500,0.94,2660693,1.05,84.5
data/databases/refseq/GCF_011065405.1_ASM1106540v1_genomic.fna,SRR1927149_metawrap_refined_bin.2,3468545,4.03,2113320,6.53,84.22
data/databases/refseq/GCF_002763785.1_ASM276378v1_genomic.fna,SRR1927149_metawrap_refined_bin.1,2775833,0.47,3086315,0.42,82.37
data/databases/refseq/GCF_006385555.1_ASM638555v1_genomic.fna,SRR1927149_metawrap_refined_bin.17,4648537,0,2532770,0,0
data/databases/refseq/GCF_000011865.1_ASM1186v1_genomic.fna,SRR1927149_metawrap_refined_bin.16,1777831,0,1377545,0,0
data/databases/refseq/GCF_000011985.1_ASM1198v1_genomic.fna,SRR1927149_metawrap_refined_bin.15,1993560,0,2003465,0,0
data/databases/refseq/GCF_000013005.1_ASM1300v1_genomic.fna,SRR1927149_metawrap_refined_bin.14,3052398,0,2486848,0,0
data/databases/refseq/GCF_000025925.1_ASM2592v1_genomic.fna,SRR1927149_metawrap_refined_bin.13,3619559,0.97,2942370,1.19,83.12
data/databases/refseq/GCF_900683755.1_ASM90068375v1_genomic.fna,SRR1927149_metawrap_refined_bin.12,4419852,1.63,3663651,1.97,94.38
data/databases/refseq/GCF_000009345.1_ASM934v1_genomic.fna,SRR1927149_metawrap_refined_bin.11,4683620,0,1871531,0,0
data/databases/refseq/GCF_000007545.1_ASM754v1_genomic.fna,SRR1927149_metawrap_refined_bin.10,4791961,0,2259162,0,0
data/databases/refseq/GCF_000063485.1_ASM6348v1_genomic.fna,SRR1929484_metawrap_refined_bin.7,3395237,0.02,1935757,0.02,85.71
data/databases/refseq/GCF_900343095.1_PRJEB25867_genomic.fna,SRR1929484_metawrap_refined_bin.6,2320245,7.05,1893610,8.43,84.84
data/databases/refseq/GCF_000006645.1_ASM664v1_genomic.fna,SRR1929484_metawrap_refined_bin.5,4701745,0.06,920174,0.07,87.32
data/databases/refseq/GCF_012934575.1_ASM1293457v1_genomic.fna,SRR1929484_metawrap_refined_bin.4,4702137,89.81,4350634,96.34,99.76
data/databases/refseq/GCF_000012825.1_ASM1282v1_genomic.fna,SRR1929484_metawrap_refined_bin.3,5163189,0,1336752,0,0
data/databases/refseq/GCF_000016985.1_ASM1698v1_genomic.fna,SRR1929484_metawrap_refined_bin.2,4929566,0,832474,0,0
data/databases/refseq/GCF_000006765.1_ASM676v1_genomic.fna,SRR1929484_metawrap_refined_bin.1,6264404,0,1456617,0,0
data/databases/refseq/GCF_000724805.2_ASM72480v2_genomic.fna,SRR1929485_metawrap_refined_bin.4,5484743,2.59,4578988,1.48,93.05
data/databases/refseq/GCF_007164725.1_ASM716472v1_genomic.fna,SRR1929485_metawrap_refined_bin.3,2407548,4.56,1271553,8.34,85.54
data/databases/refseq/GCF_000006645.1_ASM664v1_genomic.fna,SRR1929485_metawrap_refined_bin.2,4701745,0.03,779276,0.06,86.73
data/databases/refseq/GCF_012934575.1_ASM1293457v1_genomic.fna,SRR1929485_metawrap_refined_bin.1,4702137,77.82,3741073,97.08,99.09
data/databases/refseq/GCF_000006645.1_ASM664v1_genomic.fna,SRR1929563_metawrap_refined_bin.9,4701745,0,810485,0,0
data/databases/refseq/GCF_000195275.1_ASM19527v1_genomic.fna,SRR1929563_metawrap_refined_bin.8,2897425,70.71,2437118,83.01,98.37
data/databases/refseq/GCF_000179635.2_ASM17963v2_genomic.fna,SRR1929563_metawrap_refined_bin.7,4482087,0,1736598,0,0
data/databases/refseq/GCF_000261025.1_ASM26102v1_genomic.fna,SRR1929563_metawrap_refined_bin.6,2699437,0.34,2007671,0.44,81.37
data/databases/refseq/GCF_011065405.1_ASM1106540v1_genomic.fna,SRR1929563_metawrap_refined_bin.5,3468545,4.53,2231159,6.6,84.67
data/databases/refseq/GCF_000242335.1_ASM24233v3_genomic.fna,SRR1929563_metawrap_refined_bin.4,3350206,0.31,2652266,0.37,82.58
data/databases/refseq/GCF_005601135.1_ASM560113v1_genomic.fna,SRR1929563_metawrap_refined_bin.3,2440231,0.87,1123010,1.86,82.54
data/databases/refseq/GCF_000018185.1_ASM1818v1_genomic.fna,SRR1929563_metawrap_refined_bin.2,2038034,0.09,2243193,0.08,94.15
data/databases/refseq/GCF_000011825.1_ASM1182v1_genomic.fna,SRR1929563_metawrap_refined_bin.1,1796846,0,2479455,0,0
data/databases/refseq/GCF_000179915.2_ASM17991v2_genomic.fna,SRR1929563_metawrap_refined_bin.16,5095226,0,2465501,0,0
data/databases/refseq/GCF_009676955.1_ASM967695v1_genomic.fna,SRR1929563_metawrap_refined_bin.15,3340670,1.94,2971613,2.14,83.25
data/databases/refseq/GCF_000193395.1_ASM19339v1_genomic.fna,SRR1929563_metawrap_refined_bin.14,2937589,0.49,2933599,0.48,82.17
data/databases/refseq/GCF_003312465.1_ASM331246v1_genomic.fna,SRR1929563_metawrap_refined_bin.13,2970937,47.95,1769814,80.35,93.54
data/databases/refseq/GCF_002355195.1_ASM235519v1_genomic.fna,SRR1929563_metawrap_refined_bin.12,3148117,0.63,2690562,0.74,84.46
data/databases/refseq/GCF_000023465.1_ASM2346v1_genomic.fna,SRR1929563_metawrap_refined_bin.11,5128187,0,3359168,0,0
data/databases/refseq/GCF_000007825.1_ASM782v1_genomic.fna,SRR1929563_metawrap_refined_bin.10,5427083,0,1935141,0,0
data/databases/refseq/GCF_000270305.1_ASM27030v1_genomic.fna,SRR1929574_metawrap_refined_bin.9,2835737,0.14,2428051,0.16,81.86
data/databases/refseq/GCF_000007145.1_ASM714v1_genomic.fna,SRR1929574_metawrap_refined_bin.8,5076188,0,1550585,0,0
data/databases/refseq/GCF_000025925.1_ASM2592v1_genomic.fna,SRR1929574_metawrap_refined_bin.7,3619559,0.53,2570233,0.74,82.45
data/databases/refseq/GCF_000009345.1_ASM934v1_genomic.fna,SRR1929574_metawrap_refined_bin.6,4683620,0,1917054,0,0
data/databases/refseq/GCF_000225345.1_ASM22534v1_genomic.fna,SRR1929574_metawrap_refined_bin.5,3592125,1.16,1711577,2.43,83.79
data/databases/refseq/GCF_001688845.2_ASM168884v2_genomic.fna,SRR1929574_metawrap_refined_bin.4,3306457,0.12,2792002,0.14,80.48
data/databases/refseq/GCF_004802635.2_ASM480263v2_genomic.fna,SRR1929574_metawrap_refined_bin.3,4727788,0,2153112,0,0
data/databases/refseq/GCF_001640865.1_ASM164086v1_genomic.fna,SRR1929574_metawrap_refined_bin.2,5310365,0.4,2368387,0.58,93.68
data/databases/refseq/GCF_001971685.1_ASM197168v1_genomic.fna,SRR1929574_metawrap_refined_bin.1,4129523,0,1652206,0,0
data/databases/refseq/GCF_000144405.1_ASM14440v1_genomic.fna,SRR1929574_metawrap_refined_bin.16,3168282,0.01,1348744,0.01,82.76
data/databases/refseq/GCF_000248095.2_ASM24809v3_genomic.fna,SRR1929574_metawrap_refined_bin.15,2434610,0,2709994,0,0
data/databases/refseq/GCF_000210835.1_ASM21083v1_genomic.fna,SRR1929574_metawrap_refined_bin.14,5373121,0.14,3151315,0.23,87.09
data/databases/refseq/GCF_000007985.2_ASM798v2_genomic.fna,SRR1929574_metawrap_refined_bin.13,3814128,0,1376013,0,0
data/databases/refseq/GCF_000023145.1_ASM2314v1_genomic.fna,SRR1929574_metawrap_refined_bin.12,2446804,0,1339886,0,0
data/databases/refseq/GCF_000015445.1_ASM1544v1_genomic.fna,SRR1929574_metawrap_refined_bin.11,1445021,0,1808212,0,0
data/databases/refseq/GCF_000723465.1_Rb803_genomic.fna,SRR1929574_metawrap_refined_bin.10,2968500,0.64,2114555,0.9,91.78
data/databases/refseq/GCF_900604385.1_PRJEB28786_genomic.fna,SRR1930122_metawrap_refined_bin.9,3270862,0.04,2679397,0.06,86.17
data/databases/refseq/GCF_000252445.1_ASM25244v1_genomic.fna,SRR1930122_metawrap_refined_bin.8,4406036,0,838292,0,0
data/databases/refseq/GCF_005601135.1_ASM560113v1_genomic.fna,SRR1930122_metawrap_refined_bin.7,2440231,1.44,2055215,1.7,82.68
data/databases/refseq/GCF_000021565.1_ASM2156v1_genomic.fna,SRR1930122_metawrap_refined_bin.6,1983966,0,2357430,0,0
data/databases/refseq/GCF_009676955.1_ASM967695v1_genomic.fna,SRR1930122_metawrap_refined_bin.5,3340670,1.93,2851904,2.26,83.19
data/databases/refseq/GCF_000007825.1_ASM782v1_genomic.fna,SRR1930122_metawrap_refined_bin.4,5427083,0,2300640,0,0
data/databases/refseq/GCF_002934025.1_ASM293402v1_genomic.fna,SRR1930122_metawrap_refined_bin.3,4456672,79.6,4050130,87.32,98.11
data/databases/refseq/GCF_000009925.1_ASM992v1_genomic.fna,SRR1930122_metawrap_refined_bin.2,5310990,0.02,2568740,0.05,84.16
data/databases/refseq/GCF_011065405.1_ASM1106540v1_genomic.fna,SRR1930122_metawrap_refined_bin.20,3468545,5.14,2364896,6.96,84.91
data/databases/refseq/GCF_002763785.1_ASM276378v1_genomic.fna,SRR1930122_metawrap_refined_bin.1,2775833,0.5,2184390,0.64,81.55
data/databases/refseq/GCF_000023145.1_ASM2314v1_genomic.fna,SRR1930122_metawrap_refined_bin.19,2446804,0,1602633,0,0
data/databases/refseq/GCF_000195275.1_ASM19527v1_genomic.fna,SRR1930122_metawrap_refined_bin.18,2897425,69.26,2373521,83.93,98.23
data/databases/refseq/GCF_000023885.1_ASM2388v1_genomic.fna,SRR1930122_metawrap_refined_bin.17,3165038,0,1997368,0,0
data/databases/refseq/GCF_000831125.1_ASM83112v1_genomic.fna,SRR1930122_metawrap_refined_bin.16,2214297,1.62,1848988,1.94,97.08
data/databases/refseq/GCF_000020965.1_ASM2096v1_genomic.fna,SRR1930122_metawrap_refined_bin.15,1959987,0.03,1078286,0.03,85.2
data/databases/refseq/GCF_000261025.1_ASM26102v1_genomic.fna,SRR1930122_metawrap_refined_bin.14,2699437,0.16,1919190,0.21,85.16
data/databases/refseq/GCF_000012825.1_ASM1282v1_genomic.fna,SRR1930122_metawrap_refined_bin.12,5163189,0,1348335,0,0
data/databases/refseq/GCF_000019025.1_ASM1902v1_genomic.fna,SRR1930122_metawrap_refined_bin.11,2112148,0.18,2024504,0.19,98.67
data/databases/refseq/GCF_000018885.1_ASM1888v1_genomic.fna,SRR1930122_metawrap_refined_bin.10,3155250,0,2553957,0,0
data/databases/refseq/GCF_001688845.2_ASM168884v2_genomic.fna,SRR1930128_metawrap_refined_bin.9,3306457,0.3,2897471,0.33,83.29
data/databases/refseq/GCF_000237085.1_ASM23708v1_genomic.fna,SRR1930128_metawrap_refined_bin.8,4897678,0,1888491,0.02,86.62
data/databases/refseq/GCF_011065405.1_ASM1106540v1_genomic.fna,SRR1930128_metawrap_refined_bin.7,3468545,4.31,2047948,7.21,84.43
data/databases/refseq/GCF_001559235.2_ASM155923v2_genomic.fna,SRR1930128_metawrap_refined_bin.6,4727498,0,2532889,0,0
data/databases/refseq/GCF_000007265.1_ASM726v1_genomic.fna,SRR1930128_metawrap_refined_bin.5,2160267,0,2039524,0,0
data/databases/refseq/GCF_009650215.1_ASM965021v1_genomic.fna,SRR1930128_metawrap_refined_bin.4,3715454,0,2065674,0,0
data/databases/refseq/GCF_005848555.1_ASM584855v1_genomic.fna,SRR1930128_metawrap_refined_bin.3,3731576,2.75,2042205,4.76,88.83
data/databases/refseq/GCF_000014405.1_ASM1440v1_genomic.fna,SRR1930128_metawrap_refined_bin.2,1856951,0,2451503,0,0
data/databases/refseq/GCF_002763695.1_ASM276369v1_genomic.fna,SRR1930128_metawrap_refined_bin.1,2651118,0,2076752,0,0
data/databases/refseq/GCF_000190575.1_ASM19057v1_genomic.fna,SRR1930128_metawrap_refined_bin.13,4308663,0.04,1589252,0.09,84.29
data/databases/refseq/GCF_000007465.2_ASM746v2_genomic.fna,SRR1930128_metawrap_refined_bin.12,2032925,0,2415443,0,0
data/databases/refseq/GCF_000009905.1_ASM990v1_genomic.fna,SRR1930128_metawrap_refined_bin.11,3566135,0,3102334,0,0
data/databases/refseq/GCF_000011825.1_ASM1182v1_genomic.fna,SRR1930128_metawrap_refined_bin.10,1796846,0,2814875,0,0
data/databases/refseq/GCF_001028705.1_ASM102870v1_genomic.fna,SRR1930132_metawrap_refined_bin.4,3863562,0,3579505,0,0
data/databases/refseq/GCF_000346225.2_ASM34622v2_genomic.fna,SRR1930132_metawrap_refined_bin.3,5018820,0,2032111,0,0
data/databases/refseq/GCF_000020605.1_ASM2060v1_genomic.fna,SRR1930132_metawrap_refined_bin.1,3449685,67.56,2954212,77.55,96.84
data/databases/refseq/GCF_002998535.1_ASM299853v1_genomic.fna,SRR1930133_metawrap_refined_bin.8,3608975,0.08,2744180,0.1,90.54
data/databases/refseq/GCF_000261025.1_ASM26102v1_genomic.fna,SRR1930133_metawrap_refined_bin.7,2699437,0.31,2262585,0.41,84.07
data/databases/refseq/GCF_000013005.1_ASM1300v1_genomic.fna,SRR1930133_metawrap_refined_bin.6,3052398,0.03,1831991,0.05,83.44
data/databases/refseq/GCF_000020605.1_ASM2060v1_genomic.fna,SRR1930133_metawrap_refined_bin.5,3449685,55.42,2141491,88.59,96.69
data/databases/refseq/GCF_000237085.1_ASM23708v1_genomic.fna,SRR1930133_metawrap_refined_bin.4,4897678,0,1056847,0,0
data/databases/refseq/GCF_003584565.2_ASM358456v3_genomic.fna,SRR1930133_metawrap_refined_bin.3,5012246,0,2635159,0,0
data/databases/refseq/GCF_000013005.1_ASM1300v1_genomic.fna,SRR1930133_metawrap_refined_bin.2,3052398,0,2581368,0,0
data/databases/refseq/GCF_002734145.1_ASM273414v1_genomic.fna,SRR1930133_metawrap_refined_bin.1,3110044,0.5,2197578,0.74,85.81
data/databases/refseq/GCF_000025925.1_ASM2592v1_genomic.fna,SRR1930134_metawrap_refined_bin.9,3619559,0.66,2011366,1.21,82.71
data/databases/refseq/GCF_002763785.1_ASM276378v1_genomic.fna,SRR1930134_metawrap_refined_bin.8,2775833,0.45,2023130,0.61,81.85
data/databases/refseq/GCF_000009345.1_ASM934v1_genomic.fna,SRR1930134_metawrap_refined_bin.7,4683620,0,1982386,0,0
data/databases/refseq/GCF_000023145.1_ASM2314v1_genomic.fna,SRR1930134_metawrap_refined_bin.6,2446804,0,1566103,0,0
data/databases/refseq/GCF_000195275.1_ASM19527v1_genomic.fna,SRR1930134_metawrap_refined_bin.5,2897425,3.04,2450232,3.6,85.39
data/databases/refseq/GCF_000008285.1_ASM828v1_genomic.fna,SRR1930134_metawrap_refined_bin.4,2905187,0,1322710,0,0
data/databases/refseq/GCF_000512915.1_ASM51291v1_genomic.fna,SRR1930134_metawrap_refined_bin.3,3076856,0.49,3006287,0.47,97.2
data/databases/refseq/GCF_000014785.1_ASM1478v1_genomic.fna,SRR1930134_metawrap_refined_bin.2,3275944,0,1763234,0,0
data/databases/refseq/GCF_011065405.1_ASM1106540v1_genomic.fna,SRR1930134_metawrap_refined_bin.1,3468545,4.38,2172922,6.91,84.47
data/databases/refseq/GCF_005121165.1_ASM512116v1_genomic.fna,SRR1930134_metawrap_refined_bin.11,3576111,0.65,3038531,0.77,93.79
data/databases/refseq/GCF_006385555.1_ASM638555v1_genomic.fna,SRR1930134_metawrap_refined_bin.10,4648537,0,2531676,0,0
data/databases/refseq/GCF_000007525.1_ASM752v1_genomic.fna,SRR1930138_metawrap_refined_bin.6,2260266,0,2988515,0,0
data/databases/refseq/GCF_002753975.1_ASM275397v1_genomic.fna,SRR1930138_metawrap_refined_bin.5,2478317,0.58,2114707,0.69,99.2
data/databases/refseq/GCF_000253295.1_ASM25329v1_genomic.fna,SRR1930138_metawrap_refined_bin.4,4757528,0,2524071,0,0
data/databases/refseq/GCF_000193395.1_ASM19339v1_genomic.fna,SRR1930138_metawrap_refined_bin.3,2937589,0.87,2607103,1.01,82.23
data/databases/refseq/GCF_000011905.1_ASM1190v1_genomic.fna,SRR1930138_metawrap_refined_bin.2,1469720,0.02,1564749,0.02,88.73
data/databases/refseq/GCF_001688845.2_ASM168884v2_genomic.fna,SRR1930138_metawrap_refined_bin.1,3306457,0.15,2572951,0.15,83.54
data/databases/refseq/GCF_000261025.1_ASM26102v1_genomic.fna,SRR1930140_metawrap_refined_bin.8,2699437,0.89,3016164,0.82,82.93
data/databases/refseq/GCF_900478045.1_47555_C02_genomic.fna,SRR1930140_metawrap_refined_bin.7,2695970,0,2199924,0,0
data/databases/refseq/GCF_000011985.1_ASM1198v1_genomic.fna,SRR1930140_metawrap_refined_bin.6,1993560,0,1374788,0,0
data/databases/refseq/GCF_000020605.1_ASM2060v1_genomic.fna,SRR1930140_metawrap_refined_bin.5,3449685,52.05,2164392,82.64,94.43
data/databases/refseq/GCF_000008325.1_ASM832v1_genomic.fna,SRR1930140_metawrap_refined_bin.3,3304561,0,3553514,0,0
data/databases/refseq/GCF_002763575.1_ASM276357v1_genomic.fna,SRR1930140_metawrap_refined_bin.2,2760702,0.12,2178771,0.15,82.97
data/databases/refseq/GCF_000261025.1_ASM26102v1_genomic.fna,SRR1930140_metawrap_refined_bin.1,2699437,0.63,2215493,0.74,81.98
data/databases/refseq/GCF_000146185.1_ASM14618v1_genomic.fna,SRR1930142_metawrap_refined_bin.9,2831389,0,2381518,0,0
data/databases/refseq/GCF_000512915.1_ASM51291v1_genomic.fna,SRR1930142_metawrap_refined_bin.8,3076856,0.09,2000860,0.13,81.11
data/databases/refseq/GCF_000007825.1_ASM782v1_genomic.fna,SRR1930142_metawrap_refined_bin.7,5427083,0,2258201,0,0
data/databases/refseq/GCF_000013025.1_ASM1302v1_genomic.fna,SRR1930142_metawrap_refined_bin.6,3705021,0,1551182,0,0
data/databases/refseq/GCF_002753975.1_ASM275397v1_genomic.fna,SRR1930142_metawrap_refined_bin.5,2478317,0.19,1853504,0.25,99.29
data/databases/refseq/GCF_000008945.1_ASM894v1_genomic.fna,SRR1930142_metawrap_refined_bin.4,2389526,0,2156044,0,0
data/databases/refseq/GCF_003312465.1_ASM331246v1_genomic.fna,SRR1930142_metawrap_refined_bin.3,2970937,35.7,2138423,57.6,89.54
data/databases/refseq/GCF_000193395.1_ASM19339v1_genomic.fna,SRR1930142_metawrap_refined_bin.2,2937589,0.79,2608349,0.88,82.51
data/databases/refseq/GCF_001688845.2_ASM168884v2_genomic.fna,SRR1930142_metawrap_refined_bin.1,3306457,0.13,2526757,0.17,80.12
data/databases/refseq/GCF_000009205.2_ASM920v2_genomic.fna,SRR1930142_metawrap_refined_bin.12,4298133,0,1602171,0,0
data/databases/refseq/GCF_001025215.1_ASM102521v1_genomic.fna,SRR1930142_metawrap_refined_bin.11,2313752,0.31,1802121,0.4,97.38
data/databases/refseq/GCF_000007525.1_ASM752v1_genomic.fna,SRR1930142_metawrap_refined_bin.10,2260266,0,2823364,0,0
data/databases/refseq/GCF_001688845.2_ASM168884v2_genomic.fna,SRR1930143_metawrap_refined_bin.7,3306457,0.15,2699841,0.19,80.58
data/databases/refseq/GCF_000193395.1_ASM19339v1_genomic.fna,SRR1930143_metawrap_refined_bin.6,2937589,0.7,2563378,0.78,83.48
data/databases/refseq/GCF_003293635.1_ASM329363v1_genomic.fna,SRR1930143_metawrap_refined_bin.5,2833887,0.99,1557958,1.8,89.71
data/databases/refseq/GCF_000193395.1_ASM19339v1_genomic.fna,SRR1930143_metawrap_refined_bin.4,2937589,0.02,2711353,0.02,80.53
data/databases/refseq/GCF_000011065.1_ASM1106v1_genomic.fna,SRR1930143_metawrap_refined_bin.3,6293399,0.05,1404690,0.23,87.45
data/databases/refseq/GCF_002753975.1_ASM275397v1_genomic.fna,SRR1930143_metawrap_refined_bin.2,2478317,0.59,2141067,0.68,99.65
data/databases/refseq/GCF_000007525.1_ASM752v1_genomic.fna,SRR1930143_metawrap_refined_bin.1,2260266,0,3041231,0,0
data/databases/refseq/GCF_003584705.1_ASM358470v1_genomic.fna,SRR1930144_metawrap_refined_bin.9,4078671,1.75,2930056,2.42,86.12
data/databases/refseq/GCF_000020465.1_ASM2046v1_genomic.fna,SRR1930144_metawrap_refined_bin.8,2763181,0,1307389,0,0
data/databases/refseq/GCF_001454945.1_ASM145494v1_genomic.fna,SRR1930144_metawrap_refined_bin.7,3376475,0.09,1850264,0.16,94.13
data/databases/refseq/GCF_000023145.1_ASM2314v1_genomic.fna,SRR1930144_metawrap_refined_bin.6,2446804,0,1386639,0,0
data/databases/refseq/GCF_900477975.1_46983_G01_genomic.fna,SRR1930144_metawrap_refined_bin.5,2414649,0,1511266,0,0
data/databases/refseq/GCF_000011245.1_ASM1124v1_genomic.fna,SRR1930144_metawrap_refined_bin.4,3630528,0,1860346,0,0
data/databases/refseq/GCF_000210835.1_ASM21083v1_genomic.fna,SRR1930144_metawrap_refined_bin.3,5373121,0.22,3212832,0.2,89.49
data/databases/refseq/GCF_000011945.1_ASM1194v1_genomic.fna,SRR1930144_metawrap_refined_bin.2,1197687,0,2388615,0,0
data/databases/refseq/GCF_000019465.1_ASM1946v1_genomic.fna,SRR1930144_metawrap_refined_bin.1,4689441,0,2884497,0,0
data/databases/refseq/GCF_003697245.1_ASM369724v1_genomic.fna,SRR1930144_metawrap_refined_bin.11,4105481,0.09,740724,0.5,96.85
data/databases/refseq/GCF_000186225.1_ASM18622v1_genomic.fna,SRR1930144_metawrap_refined_bin.10,3998906,0.03,1598971,0.05,90.72
data/databases/refseq/GCF_000023145.1_ASM2314v1_genomic.fna,SRR1930149_metawrap_refined_bin.5,2446804,0,1529160,0,0
data/databases/refseq/GCF_001454945.1_ASM145494v1_genomic.fna,SRR1930149_metawrap_refined_bin.4,3376475,0.07,1948099,0.12,94.13
data/databases/refseq/GCF_001688845.2_ASM168884v2_genomic.fna,SRR1930149_metawrap_refined_bin.3,3306457,0.1,2554042,0.13,80.9
data/databases/refseq/GCF_000724805.2_ASM72480v2_genomic.fna,SRR1930149_metawrap_refined_bin.2,5484743,0.76,2769894,0.47,96.47
data/databases/refseq/GCF_000012845.1_ASM1284v1_genomic.fna,SRR1930149_metawrap_refined_bin.1,4811379,1.21,2437842,2.37,85.92
data/databases/refseq/GCF_000011065.1_ASM1106v1_genomic.fna,SRR1930176_metawrap_refined_bin.2,6293399,0.04,2497044,0.09,83.07
data/databases/refseq/GCF_000195275.1_ASM19527v1_genomic.fna,SRR1930176_metawrap_refined_bin.1,2897425,4.95,2457384,4.9,93.74
data/databases/refseq/GCF_000214215.1_ASM21421v1_genomic.fna,SRR1930177_metawrap_refined_bin.5,3899940,0,1962434,0,0
data/databases/refseq/GCF_000020605.1_ASM2060v1_genomic.fna,SRR1930177_metawrap_refined_bin.4,3449685,32.57,1425495,79.95,94.1
data/databases/refseq/GCF_002355195.1_ASM235519v1_genomic.fna,SRR1930177_metawrap_refined_bin.3,3148117,0.51,3042205,0.5,92.41
data/databases/refseq/GCF_003971255.1_ASM397125v1_genomic.fna,SRR1930177_metawrap_refined_bin.2,4741350,0,2294378,0,0
data/databases/refseq/GCF_900475415.1_42206_H01_genomic.fna,SRR1930177_metawrap_refined_bin.1,2033046,0.36,2061421,0.35,92.79
data/databases/refseq/GCF_002501585.1_ASM250158v1_genomic.fna,SRR1930179_metawrap_refined_bin.4,6497607,0,2706190,0,0
data/databases/refseq/GCF_003515045.1_ASM351504v1_genomic.fna,SRR1930179_metawrap_refined_bin.3,2893847,1.07,3374522,0.97,83.98
data/databases/refseq/GCF_002238335.1_ASM223833v1_genomic.fna,SRR1930179_metawrap_refined_bin.2,1738633,0.55,1718202,0.51,84.13
data/databases/refseq/GCF_000195275.1_ASM19527v1_genomic.fna,SRR1930179_metawrap_refined_bin.1,2897425,5.47,2244468,5.74,94.36
data/databases/refseq/GCF_000195275.1_ASM19527v1_genomic.fna,SRR1930187_metawrap_refined_bin.3,2897425,6.85,2682439,5.91,93.5
data/databases/refseq/GCF_011065405.1_ASM1106540v1_genomic.fna,SRR1930187_metawrap_refined_bin.2,3468545,2.16,1308526,5.05,85.9
data/databases/refseq/GCF_000005825.2_ASM582v2_genomic.fna,SRR1930187_metawrap_refined_bin.1,4249248,0,1887556,0,0
data/databases/refseq/GCF_000145035.1_ASM14503v1_genomic.fna,SRR1930244_metawrap_refined_bin.9,4404886,0.12,2576497,0.14,84.6
data/databases/refseq/GCF_000346225.2_ASM34622v2_genomic.fna,SRR1930244_metawrap_refined_bin.8,5018820,0,2166828,0,0
data/databases/refseq/GCF_000195275.1_ASM19527v1_genomic.fna,SRR1930244_metawrap_refined_bin.7,2897425,4.11,2493497,4.67,86.61
data/databases/refseq/GCF_005601135.1_ASM560113v1_genomic.fna,SRR1930244_metawrap_refined_bin.6,2440231,0.45,866220,1.26,92.65
data/databases/refseq/GCF_000195275.1_ASM19527v1_genomic.fna,SRR1930244_metawrap_refined_bin.5,2897425,63.62,2394528,76.68,92.44
data/databases/refseq/GCF_002734145.1_ASM273414v1_genomic.fna,SRR1930244_metawrap_refined_bin.4,3110044,0.17,2451205,0.22,96.06
data/databases/refseq/GCF_000026685.1_ASM2668v1_genomic.fna,SRR1930244_metawrap_refined_bin.3,3268071,0,1675452,0,0
data/databases/refseq/GCF_000020605.1_ASM2060v1_genomic.fna,SRR1930244_metawrap_refined_bin.2,3449685,65.89,3007656,75.07,94.3
data/databases/refseq/GCF_010729305.1_ASM1072930v1_genomic.fna,SRR1930244_metawrap_refined_bin.1,5732362,0,1479149,0,0
data/databases/refseq/GCF_002501585.1_ASM250158v1_genomic.fna,SRR1930244_metawrap_refined_bin.12,6497607,0,2279850,0,0
data/databases/refseq/GCF_004103715.1_ASM410371v1_genomic.fna,SRR1930244_metawrap_refined_bin.11,3743723,0.11,1637178,0.05,81.7
data/databases/refseq/GCF_000013005.1_ASM1300v1_genomic.fna,SRR1930244_metawrap_refined_bin.10,3052398,0,2478145,0,0
data/databases/refseq/GCF_002734145.1_ASM273414v1_genomic.fna,Child_metawrap_refined_bin.9,3110044,0,1848726,0,0
data/databases/refseq/GCF_000020605.1_ASM2060v1_genomic.fna,Child_metawrap_refined_bin.99,3449685,1.42,2023576,2.38,84.53
data/databases/refseq/GCF_000006985.1_ASM698v1_genomic.fna,Child_metawrap_refined_bin.98,2154946,0,2061386,0,0
data/databases/refseq/GCF_000223215.1_ASM22321v1_genomic.fna,Child_metawrap_refined_bin.97,3308048,3.29,1788145,6.07,81.55
data/databases/refseq/GCF_000012765.1_ASM1276v1_genomic.fna,Child_metawrap_refined_bin.96,1010023,0,1903226,0,0
data/databases/refseq/GCF_004103715.1_ASM410371v1_genomic.fna,Child_metawrap_refined_bin.95,3743723,0,1440505,0,0
data/databases/refseq/GCF_000445425.4_ASM44542v4_genomic.fna,Child_metawrap_refined_bin.94,937966,0,1398785,0,0
data/databases/refseq/GCF_001296165.1_ASM129616v1_genomic.fna,Child_metawrap_refined_bin.93,2227266,0,1211077,0,0
data/databases/refseq/GCF_000511305.1_ASM51130v1_genomic.fna,Child_metawrap_refined_bin.92,5590512,0,2152156,0,0
data/databases/refseq/GCF_000166395.1_ASM16639v1_genomic.fna,Child_metawrap_refined_bin.91,4059653,0,2609988,0,0
data/databases/refseq/GCF_005848555.1_ASM584855v1_genomic.fna,Child_metawrap_refined_bin.90,3731576,1.4,2397638,2.17,83.11
data/databases/refseq/GCF_000197735.1_ASM19773v1_genomic.fna,Child_metawrap_refined_bin.8,3918192,0,1233824,0,0
data/databases/refseq/GCF_005848555.1_ASM584855v1_genomic.fna,Child_metawrap_refined_bin.89,3731576,6.39,1891330,12.57,87.53
data/databases/refseq/GCF_000020285.1_ASM2028v1_genomic.fna,Child_metawrap_refined_bin.88,3659644,0.03,1311307,0.07,81.99
data/databases/refseq/GCF_000007845.1_ASM784v1_genomic.fna,Child_metawrap_refined_bin.87,5227293,0,2687371,0,0
data/databases/refseq/GCF_003312875.1_ASM331287v1_genomic.fna,Child_metawrap_refined_bin.86,9121443,0,1418493,0,0
data/databases/refseq/GCF_000009785.1_ASM978v1_genomic.fna,Child_metawrap_refined_bin.85,3592666,0,2042607,0,0
data/databases/refseq/GCF_000018825.1_ASM1882v1_genomic.fna,Child_metawrap_refined_bin.84,5872743,0,2099876,0,0
data/databases/refseq/GCF_000710365.2_ASM71036v3_genomic.fna,Child_metawrap_refined_bin.83,5417262,0.96,3166180,0.91,91.41
data/databases/refseq/GCF_012851305.1_ASM1285130v1_genomic.fna,Child_metawrap_refined_bin.82,5379509,1.66,2818264,3.1,85.46
data/databases/refseq/GCF_000512915.1_ASM51291v1_genomic.fna,Child_metawrap_refined_bin.81,3076856,0.02,2496767,0.03,84.01
data/databases/refseq/GCF_011065405.1_ASM1106540v1_genomic.fna,Child_metawrap_refined_bin.80,3468545,4.46,2310406,6.64,84.73
data/databases/refseq/GCF_000223215.1_ASM22321v1_genomic.fna,Child_metawrap_refined_bin.7,3308048,0,1294077,0,0
data/databases/refseq/GCF_000340885.1_ASM34088v1_genomic.fna,Child_metawrap_refined_bin.79,6666445,0,1648553,0,0
data/databases/refseq/GCF_000005825.2_ASM582v2_genomic.fna,Child_metawrap_refined_bin.78,4249248,0.1,1036314,0.06,85.43
data/databases/refseq/GCF_000009865.1_ASM986v1_genomic.fna,Child_metawrap_refined_bin.77,2697861,0,1136693,0,0
data/databases/refseq/GCF_001877035.1_ASM187703v1_genomic.fna,Child_metawrap_refined_bin.76,4785613,0,1388490,0,0
data/databases/refseq/GCF_000162235.2_ASM16223v2_genomic.fna,Child_metawrap_refined_bin.75,2268272,0.01,1307976,0.02,80.09
data/databases/refseq/GCF_000012565.1_ASM1256v1_genomic.fna,Child_metawrap_refined_bin.74,1315030,0,2650587,0,0
data/databases/refseq/GCF_003367355.1_ASM336735v1_genomic.fna,Child_metawrap_refined_bin.73,3156619,0.02,1942617,0.03,79.66
data/databases/refseq/GCF_000008465.1_ASM846v1_genomic.fna,Child_metawrap_refined_bin.72,2839318,0,2332089,0,0
data/databases/refseq/GCF_000014565.1_ASM1456v1_genomic.fna,Child_metawrap_refined_bin.71,9702737,0,1020187,0,0
data/databases/refseq/GCF_009730295.1_ASM973029v1_genomic.fna,Child_metawrap_refined_bin.70,1796606,0.01,709833,0.02,88.96
data/databases/refseq/GCF_004296495.1_ASM429649v1_genomic.fna,Child_metawrap_refined_bin.6,200316,0,1211569,0,0
data/databases/refseq/GCF_000177635.2_ASM17763v2_genomic.fna,Child_metawrap_refined_bin.69,2928377,0,2375740,0,0
data/databases/refseq/GCF_003994415.1_ASM399441v1_genomic.fna,Child_metawrap_refined_bin.68,6687823,0,3140420,0,0
data/databases/refseq/GCF_000014765.1_ASM1476v1_genomic.fna,Child_metawrap_refined_bin.67,2781824,0,2226046,0,0
data/databases/refseq/GCF_000183385.1_ASM18338v1_genomic.fna,Child_metawrap_refined_bin.66,1003404,0,1148647,0,0
data/databases/refseq/GCF_000158275.2_ASM15827v2_genomic.fna,Child_metawrap_refined_bin.65,2514029,0,815898,0,0
data/databases/refseq/GCF_000018785.1_ASM1878v1_genomic.fna,Child_metawrap_refined_bin.64,1496992,0,1332576,0,0
data/databases/refseq/GCF_005601135.1_ASM560113v1_genomic.fna,Child_metawrap_refined_bin.63,2440231,0.66,1410618,1.12,96.13
data/databases/refseq/GCF_003855455.1_ASM385545v1_genomic.fna,Child_metawrap_refined_bin.62,737591,0,1127998,0,0
data/databases/refseq/GCF_003573995.1_ASM357399v1_genomic.fna,Child_metawrap_refined_bin.61,2753585,1.75,1972936,2.31,83.06
data/databases/refseq/GCF_000008925.1_ASM892v1_genomic.fna,Child_metawrap_refined_bin.60,2133977,0,1189620,0,0
data/databases/refseq/GCF_000007685.1_ASM768v1_genomic.fna,Child_metawrap_refined_bin.5,4627366,0.03,2226885,0.03,82.25
data/databases/refseq/GCF_002327185.1_ASM232718v1_genomic.fna,Child_metawrap_refined_bin.59,2872664,2.64,2311557,3.25,82.41
data/databases/refseq/GCF_900070325.1_SD1D_genomic.fna,Child_metawrap_refined_bin.58,2609352,0,2162685,0,0
data/databases/refseq/GCF_000014785.1_ASM1478v1_genomic.fna,Child_metawrap_refined_bin.57,3275944,0.01,1867691,0.01,77.18
data/databases/refseq/GCF_000019365.1_ASM1936v1_genomic.fna,Child_metawrap_refined_bin.56,7737025,0.03,2731169,0.06,82.98
data/databases/refseq/GCF_007164725.1_ASM716472v1_genomic.fna,Child_metawrap_refined_bin.55,2407548,4.05,764216,11.64,85.82
data/databases/refseq/GCF_000092965.1_ASM9296v1_genomic.fna,Child_metawrap_refined_bin.54,2306092,0,1764192,0,0
data/databases/refseq/GCF_000007025.1_ASM702v1_genomic.fna,Child_metawrap_refined_bin.53,1268755,0,1069338,0,0
data/databases/refseq/GCF_001688705.2_ASM168870v2_genomic.fna,Child_metawrap_refined_bin.52,3802844,0,2623774,0,0
data/databases/refseq/GCF_000212375.1_ASM21237v1_genomic.fna,Child_metawrap_refined_bin.51,2186370,0,2812046,0,0
data/databases/refseq/GCF_001664185.1_ASM166418v1_genomic.fna,Child_metawrap_refined_bin.50,6662049,0,1307780,0,0
data/databases/refseq/GCF_000237085.1_ASM23708v1_genomic.fna,Child_metawrap_refined_bin.4,4897678,0,2064218,0.02,85.44
data/databases/refseq/GCF_006742345.1_ASM674234v1_genomic.fna,Child_metawrap_refined_bin.49,4989532,47.57,4019846,58.93,89.37
data/databases/refseq/GCF_000010405.1_ASM1040v1_genomic.fna,Child_metawrap_refined_bin.48,1022154,0,1729296,0,0
data/databases/refseq/GCF_000091985.1_ASM9198v1_genomic.fna,Child_metawrap_refined_bin.47,1578097,0,1314458,0,0
data/databases/refseq/GCF_000017025.1_ASM1702v1_genomic.fna,Child_metawrap_refined_bin.46,3863450,0,2233922,0,0
data/databases/refseq/GCF_000008325.1_ASM832v1_genomic.fna,Child_metawrap_refined_bin.45,3304561,0,3260272,0,0
data/databases/refseq/GCF_002734145.1_ASM273414v1_genomic.fna,Child_metawrap_refined_bin.44,3110044,0.31,1768427,0.54,85.21
data/databases/refseq/GCF_000007365.1_ASM736v1_genomic.fna,Child_metawrap_refined_bin.43,641454,0,1976963,0,0
data/databases/refseq/GCF_000011365.1_ASM1136v1_genomic.fna,Child_metawrap_refined_bin.42,9105828,0,2345398,0,0
data/databases/refseq/GCF_003667845.1_ASM366784v1_genomic.fna,Child_metawrap_refined_bin.41,4456326,0,1684905,0,0
data/databases/refseq/GCF_000020605.1_ASM2060v1_genomic.fna,Child_metawrap_refined_bin.40,3449685,1.15,2841852,1.26,84.54
data/databases/refseq/GCF_000007945.1_ASM794v1_genomic.fna,Child_metawrap_refined_bin.3,1698955,0.03,1428002,0.02,84.17
data/databases/refseq/GCF_003952825.1_ASM395282v1_genomic.fna,Child_metawrap_refined_bin.39,2192395,64.53,1747196,81.35,96.81
data/databases/refseq/GCF_000941075.1_ASM94107v1_genomic.fna,Child_metawrap_refined_bin.38,1084449,0,870118,0,0
data/databases/refseq/GCF_005601135.1_ASM560113v1_genomic.fna,Child_metawrap_refined_bin.37,2440231,68.22,1834206,89.42,95.95
data/databases/refseq/GCF_000747345.1_ASM74734v1_genomic.fna,Child_metawrap_refined_bin.36,3422674,0,1478146,0,0
data/databases/refseq/GCF_000006765.1_ASM676v1_genomic.fna,Child_metawrap_refined_bin.35,6264404,0.01,2358250,0.02,82.92
data/databases/refseq/GCF_005601135.1_ASM560113v1_genomic.fna,Child_metawrap_refined_bin.34,2440231,0.55,1361696,1,80.99
data/databases/refseq/GCF_003312465.1_ASM331246v1_genomic.fna,Child_metawrap_refined_bin.33,2970937,0.26,1116682,0.7,81.92
data/databases/refseq/GCF_000225345.1_ASM22534v1_genomic.fna,Child_metawrap_refined_bin.32,3592125,1.05,2111161,1.77,85.78
data/databases/refseq/GCF_005601135.1_ASM560113v1_genomic.fna,Child_metawrap_refined_bin.31,2440231,2.21,1952313,1.97,85.67
data/databases/refseq/GCF_000013005.1_ASM1300v1_genomic.fna,Child_metawrap_refined_bin.30,3052398,0,1150661,0,0
data/databases/refseq/GCF_000014025.1_ASM1402v1_genomic.fna,Child_metawrap_refined_bin.2,2341251,0,1865341,0,0
data/databases/refseq/GCF_000017245.1_ASM1724v1_genomic.fna,Child_metawrap_refined_bin.29,2319663,0,1544833,0,0
data/databases/refseq/GCF_000305775.1_ASM30577v1_genomic.fna,Child_metawrap_refined_bin.28,3069953,0,3013897,0,0
data/databases/refseq/GCF_000012565.1_ASM1256v1_genomic.fna,Child_metawrap_refined_bin.27,1315030,0,569273,0,0
data/databases/refseq/GCF_002285495.1_ASM228549v1_genomic.fna,Child_metawrap_refined_bin.26,2869927,2.16,1512590,4.11,82.72
data/databases/refseq/GCF_000195275.1_ASM19527v1_genomic.fna,Child_metawrap_refined_bin.25,2897425,0.35,930361,1.06,94.38
data/databases/refseq/GCF_000007205.1_ASM720v1_genomic.fna,Child_metawrap_refined_bin.24,1225935,0,1199040,0,0
data/databases/refseq/GCF_012113595.1_ASM1211359v1_genomic.fna,Child_metawrap_refined_bin.23,6782182,0,2498103,0,0
data/databases/refseq/GCF_000973505.1_ASM97350v1_genomic.fna,Child_metawrap_refined_bin.22,749321,0,1119244,0,0
data/databases/refseq/GCF_000008225.1_ASM822v1_genomic.fna,Child_metawrap_refined_bin.21,920079,0,1358823,0,0
data/databases/refseq/GCF_000242255.2_ASM24225v3_genomic.fna,Child_metawrap_refined_bin.20,3603458,0,1881676,0,0
data/databases/refseq/GCF_000011605.1_ASM1160v1_genomic.fna,Child_metawrap_refined_bin.1,5064019,0,1721272,0,0
data/databases/refseq/GCF_000014225.1_ASM1422v1_genomic.fna,Child_metawrap_refined_bin.19,5187005,0,2086915,0,0
data/databases/refseq/GCF_002586945.1_ASM258694v1_genomic.fna,Child_metawrap_refined_bin.18,2868932,28.38,1801894,44.95,85.43
data/databases/refseq/GCF_000007625.1_ASM762v1_genomic.fna,Child_metawrap_refined_bin.17,2873333,0.02,1279062,0.04,81.2
data/databases/refseq/GCF_000010105.1_ASM1010v1_genomic.fna,Child_metawrap_refined_bin.16,6895538,0,1520123,0,0
data/databases/refseq/GCF_000020605.1_ASM2060v1_genomic.fna,Child_metawrap_refined_bin.15,3449685,0.98,2343667,1.34,89.29
data/databases/refseq/GCF_000008325.1_ASM832v1_genomic.fna,Child_metawrap_refined_bin.14,3304561,0.01,3094521,0.01,76.66
data/databases/refseq/GCF_011303955.1_ASM1130395v1_genomic.fna,Child_metawrap_refined_bin.13,1530734,0,1210994,0,0
data/databases/refseq/GCF_001190745.1_ASM119074v1_genomic.fna,Child_metawrap_refined_bin.12,2281652,0,1853323,0,0
data/databases/refseq/GCF_000006765.1_ASM676v1_genomic.fna,Child_metawrap_refined_bin.11,6264404,0,721630,0,0
data/databases/refseq/GCF_002355195.1_ASM235519v1_genomic.fna,Child_metawrap_refined_bin.110,3148117,0.16,1991599,0.26,83.07
data/databases/refseq/GCF_000195275.1_ASM19527v1_genomic.fna,Child_metawrap_refined_bin.10,2897425,65.73,1987492,95.39,98.92
data/databases/refseq/GCF_000225345.1_ASM22534v1_genomic.fna,Child_metawrap_refined_bin.109,3592125,0.77,2492666,0.9,87.55
data/databases/refseq/GCF_000015005.1_ASM1500v1_genomic.fna,Child_metawrap_refined_bin.108,6988209,0,2189789,0,0
data/databases/refseq/GCF_000008625.1_ASM862v1_genomic.fna,Child_metawrap_refined_bin.107,1590791,0,1330830,0,0
data/databases/refseq/GCF_000007625.1_ASM762v1_genomic.fna,Child_metawrap_refined_bin.106,2873333,0,1954435,0,0
data/databases/refseq/GCF_000009885.1_ASM988v1_genomic.fna,Child_metawrap_refined_bin.105,5472672,0,1256800,0,0
data/databases/refseq/GCF_000146185.1_ASM14618v1_genomic.fna,Child_metawrap_refined_bin.104,2831389,41.22,1654150,71.55,94.57
data/databases/refseq/GCF_000006685.1_ASM668v1_genomic.fna,Child_metawrap_refined_bin.103,1080451,0,1492354,0,0
data/databases/refseq/GCF_002240055.1_ASM224005v1_genomic.fna,Child_metawrap_refined_bin.102,2152181,0,1507505,0,0
data/databases/refseq/GCF_013416015.1_ASM1341601v1_genomic.fna,Child_metawrap_refined_bin.101,1760367,1.27,852810,2.61,91.29
data/databases/refseq/GCF_000007025.1_ASM702v1_genomic.fna,Child_metawrap_refined_bin.100,1268755,0,1078807,0,0
data/databases/refseq/GCF_000015445.1_ASM1544v1_genomic.fna,Teenager_metawrap_refined_bin.9,1445021,0,1847690,0,0
data/databases/refseq/GCF_000223215.1_ASM22321v1_genomic.fna,Teenager_metawrap_refined_bin.8,3308048,0,1140493,0,0
data/databases/refseq/GCF_000092845.1_ASM9284v1_genomic.fna,Teenager_metawrap_refined_bin.7,3241804,2.92,1800623,5.25,81.96
data/databases/refseq/GCF_000014185.1_ASM1418v1_genomic.fna,Teenager_metawrap_refined_bin.6,3225748,0,1107485,0,0
data/databases/refseq/GCF_000017285.1_ASM1728v1_genomic.fna,Teenager_metawrap_refined_bin.66,5100344,0,1929187,0,0
data/databases/refseq/GCF_009650215.1_ASM965021v1_genomic.fna,Teenager_metawrap_refined_bin.65,3715454,0,2321637,0,0
data/databases/refseq/GCF_003609775.1_ASM360977v1_genomic.fna,Teenager_metawrap_refined_bin.63,3090326,0.29,1757038,0.51,83.14
data/databases/refseq/GCF_000008325.1_ASM832v1_genomic.fna,Teenager_metawrap_refined_bin.62,3304561,0,1885150,0,0
data/databases/refseq/GCF_000017645.1_ASM1764v1_genomic.fna,Teenager_metawrap_refined_bin.61,5625098,0,1401669,0,0
data/databases/refseq/GCF_004210255.1_ASM421025v1_genomic.fna,Teenager_metawrap_refined_bin.60,6354838,0.13,2299826,0.34,81.86
data/databases/refseq/GCF_000195275.1_ASM19527v1_genomic.fna,Teenager_metawrap_refined_bin.5,2897425,2.7,2295292,3.42,84.44
data/databases/refseq/GCF_002763695.1_ASM276369v1_genomic.fna,Teenager_metawrap_refined_bin.59,2651118,0,2130278,0,0
data/databases/refseq/GCF_000023145.1_ASM2314v1_genomic.fna,Teenager_metawrap_refined_bin.58,2446804,0,1327151,0,0
data/databases/refseq/GCF_011065405.1_ASM1106540v1_genomic.fna,Teenager_metawrap_refined_bin.57,3468545,4.42,2137062,7.08,84.36
data/databases/refseq/GCF_000328725.1_ASM32872v1_genomic.fna,Teenager_metawrap_refined_bin.56,998123,0,866341,0,0
data/databases/refseq/GCF_000193395.1_ASM19339v1_genomic.fna,Teenager_metawrap_refined_bin.55,2937589,0.31,2158810,0.41,82.12
data/databases/refseq/GCF_000011305.1_ASM1130v1_genomic.fna,Teenager_metawrap_refined_bin.54,3219505,0,1742808,0,0
data/databases/refseq/GCF_000011825.1_ASM1182v1_genomic.fna,Teenager_metawrap_refined_bin.53,1796846,0,2569799,0,0
data/databases/refseq/GCF_000014785.1_ASM1478v1_genomic.fna,Teenager_metawrap_refined_bin.52,3275944,0,1754207,0,0
data/databases/refseq/GCF_000025925.1_ASM2592v1_genomic.fna,Teenager_metawrap_refined_bin.51,3619559,0.43,2713932,0.56,82.07
data/databases/refseq/GCF_001998765.1_ASM199876v1_genomic.fna,Teenager_metawrap_refined_bin.50,3172613,0.67,1887237,1.14,90.44
data/databases/refseq/GCF_004103715.1_ASM410371v1_genomic.fna,Teenager_metawrap_refined_bin.4,3743723,0,2305865,0,0
data/databases/refseq/GCF_002763575.1_ASM276357v1_genomic.fna,Teenager_metawrap_refined_bin.49,2760702,0.04,1951706,0.06,85.02
data/databases/refseq/GCF_000009045.1_ASM904v1_genomic.fna,Teenager_metawrap_refined_bin.48,4215606,0,1733119,0,0
data/databases/refseq/GCF_000009905.1_ASM990v1_genomic.fna,Teenager_metawrap_refined_bin.47,3566135,0,2959942,0,0
data/databases/refseq/GCF_000007685.1_ASM768v1_genomic.fna,Teenager_metawrap_refined_bin.46,4627366,0,2154829,0,0
data/databases/refseq/GCF_000789315.1_ASM78931v1_genomic.fna,Teenager_metawrap_refined_bin.45,5718945,0,2376561,0,0
data/databases/refseq/GCF_000195275.1_ASM19527v1_genomic.fna,Teenager_metawrap_refined_bin.44,2897425,72.81,2413918,86.18,98.59
data/databases/refseq/GCF_000146185.1_ASM14618v1_genomic.fna,Teenager_metawrap_refined_bin.43,2831389,4.54,1588257,8.03,85.01
data/databases/refseq/GCF_000211075.1_ASM21107v1_genomic.fna,Teenager_metawrap_refined_bin.42,2131190,0,1175969,0,0
data/databases/refseq/GCF_000144405.1_ASM14440v1_genomic.fna,Teenager_metawrap_refined_bin.41,3168282,0,1583773,0,0
data/databases/refseq/GCF_001534665.1_ASM153466v1_genomic.fna,Teenager_metawrap_refined_bin.40,836724,0,2105828,0,0
data/databases/refseq/GCF_000009925.1_ASM992v1_genomic.fna,Teenager_metawrap_refined_bin.3,5310990,0.02,2788346,0.04,82.57
data/databases/refseq/GCF_000006745.1_ASM674v1_genomic.fna,Teenager_metawrap_refined_bin.39,4033464,0,989343,0,0
data/databases/refseq/GCF_007990525.1_ASM799052v1_genomic.fna,Teenager_metawrap_refined_bin.38,2604381,0,1776388,0,0
data/databases/refseq/GCF_000204295.1_ASM20429v1_genomic.fna,Teenager_metawrap_refined_bin.37,5434353,0,1492065,0,0
data/databases/refseq/GCF_000020605.1_ASM2060v1_genomic.fna,Teenager_metawrap_refined_bin.36,3449685,0.92,2182042,1.46,83.89
data/databases/refseq/GCF_003573995.1_ASM357399v1_genomic.fna,Teenager_metawrap_refined_bin.35,2753585,50.02,2017806,67.14,90.65
data/databases/refseq/GCF_000012245.1_ASM1224v1_genomic.fna,Teenager_metawrap_refined_bin.34,6093698,0,1568981,0,0
data/databases/refseq/GCF_000092105.1_ASM9210v1_genomic.fna,Teenager_metawrap_refined_bin.33,5460085,0,2393843,0,0
data/databases/refseq/GCF_003573995.1_ASM357399v1_genomic.fna,Teenager_metawrap_refined_bin.32,2753585,1.92,2121349,2.37,83.07
data/databases/refseq/GCF_000025925.1_ASM2592v1_genomic.fna,Teenager_metawrap_refined_bin.31,3619559,0.62,2482873,0.91,83.02
data/databases/refseq/GCF_000270305.1_ASM27030v1_genomic.fna,Teenager_metawrap_refined_bin.30,2835737,0.09,2295482,0.12,80.16
data/databases/refseq/GCF_002763785.1_ASM276378v1_genomic.fna,Teenager_metawrap_refined_bin.2,2775833,0.14,1710154,0.23,82.08
data/databases/refseq/GCF_000018605.1_ASM1860v1_genomic.fna,Teenager_metawrap_refined_bin.29,2169548,0,634216,0,0
data/databases/refseq/GCF_000009345.1_ASM934v1_genomic.fna,Teenager_metawrap_refined_bin.28,4683620,0,1883707,0,0
data/databases/refseq/GCF_000020605.1_ASM2060v1_genomic.fna,Teenager_metawrap_refined_bin.27,3449685,55.09,2112901,89.52,97.04
data/databases/refseq/GCF_000020605.1_ASM2060v1_genomic.fna,Teenager_metawrap_refined_bin.26,3449685,1.91,3043054,2.07,85.52
data/databases/refseq/GCF_000225345.1_ASM22534v1_genomic.fna,Teenager_metawrap_refined_bin.25,3592125,1.1,1949323,1.97,83.46
data/databases/refseq/GCF_001011675.1_ASM101167v1_genomic.fna,Teenager_metawrap_refined_bin.24,3938967,0,1187312,0,0
data/databases/refseq/GCF_000011985.1_ASM1198v1_genomic.fna,Teenager_metawrap_refined_bin.23,1993560,0,1688256,0,0
data/databases/refseq/GCF_000007645.1_ASM764v1_genomic.fna,Teenager_metawrap_refined_bin.22,2564615,0,907684,0,0
data/databases/refseq/GCF_000007945.1_ASM794v1_genomic.fna,Teenager_metawrap_refined_bin.21,1698955,0,1384525,0,0
data/databases/refseq/GCF_000007265.1_ASM726v1_genomic.fna,Teenager_metawrap_refined_bin.20,2160267,0,2091581,0,0
data/databases/refseq/GCF_000008465.1_ASM846v1_genomic.fna,Teenager_metawrap_refined_bin.1,2839318,0,2314699,0,0
data/databases/refseq/GCF_000012305.1_ASM1230v1_genomic.fna,Teenager_metawrap_refined_bin.19,2650701,0,1244686,0,0
data/databases/refseq/GCF_001025215.1_ASM102521v1_genomic.fna,Teenager_metawrap_refined_bin.18,2313752,0,1680446,0,0
data/databases/refseq/GCF_000011065.1_ASM1106v1_genomic.fna,Teenager_metawrap_refined_bin.17,6293399,0,2441755,0,0
data/databases/refseq/GCF_000007585.1_ASM758v1_genomic.fna,Teenager_metawrap_refined_bin.16,2343476,0.02,1924151,0.03,84.13
data/databases/refseq/GCF_000007585.1_ASM758v1_genomic.fna,Teenager_metawrap_refined_bin.15,2343476,0,1922138,0,0
data/databases/refseq/GCF_006385555.1_ASM638555v1_genomic.fna,Teenager_metawrap_refined_bin.14,4648537,0,2544936,0,0
data/databases/refseq/GCF_001678905.1_ASM167890v1_genomic.fna,Teenager_metawrap_refined_bin.13,2392314,0,1730809,0,0
data/databases/refseq/GCF_000013005.1_ASM1300v1_genomic.fna,Teenager_metawrap_refined_bin.12,3052398,0,1506130,0,0
data/databases/refseq/GCF_000008945.1_ASM894v1_genomic.fna,Teenager_metawrap_refined_bin.11,2389526,0,2080385,0,0
data/databases/refseq/GCF_000008685.2_ASM868v2_genomic.fna,Teenager_metawrap_refined_bin.10,1521208,0,2219262,0,0